About,حول
Account {0} was not created correctly.,لم يتم إنشاء الحساب {0} بشكل صحيح.
Actual input quantity cannot be negative,لا يمكن أن تكون كمية الإدخال الفعلية سالبة
Actual input quantity must be greater than zero,يجب أن تكون كمية الإدخال الفعلية أكبر من صفر
Actual output quantity cannot be negative,لا يمكن أن تكون كمية الإخراج الفعلية سالبة
Amended From,مُعدّل من
Amount,المبلغ
Anaerobic,لاهوائي
Approved,معتمد
Apps,التطبيقات
Archived,مؤرشف
At least one input is required.,يجب إدخال مصدر واحد على الأقل.
At least one output is required.,يجب إدخال مخرج واحد على الأقل.
At least one step is required,يجب إضافة خطوة واحدة على الأقل
At least one stock input is required.,يجب إدخال عنصر مخزني واحد على الأقل.
At least one stock output is required.,يجب إدخال مخرج مخزني واحد على الأقل.
At least two batches are required,يجب إدخال دفعتين على الأقل
Available,متاح
Avg Cost/KG,متوسط التكلفة/كجم
Batch Count,عدد الدفعات
Batch ERPNext,دفعة ERPNext
Batch has no route assigned,لا يوجد مسار معالجة مخصص للدفعة
Batch No is required for input item {0}.,رقم الدفعة مطلوب للصنف المدخل {0}.
Batch {0} does not belong to Item {1}.,الدفعة {0} لا تنتمي إلى الصنف {1}.
Batch {0} has completed all processing steps,الدفعة {0} أكملت جميع خطوات المعالجة.
Batch {0} has no available quantity,لا توجد كمية متاحة في الدفعة {0}.
Batch {0} must be cupped before packaging,يجب تقييم الدفعة {0} بالتذوق قبل التعبئة.
Batch {0} must be quality approved before packaging,يجب اعتماد جودة الدفعة {0} قبل التعبئة.
Blend,خلط
Blend must have at least two sources,يجب أن يحتوي الخلط على مصدرين على الأقل
Blend source quantities do not match total quantity,كميات مصادر الخلط لا تتطابق مع الكمية الإجمالية
Branch,الفرع
Branch is required.,الفرع مطلوب.
Branch {0} does not belong to Company {1}.,الفرع {0} لا ينتمي إلى الشركة {1}.
By-Product,منتج ثانوي
By-Product Credit,رصيد المنتج الثانوي
By-Product Credit requires at least one Main output.,يتطلب رصيد المنتج الثانوي مخرجًا رئيسيًا واحدًا على الأقل.
By-product percentage cannot be negative for {0}.,لا يمكن أن تكون نسبة المنتج الثانوي سالبة لـ {0}.
By-product unit value cannot be negative for {0}.,لا يمكن أن تكون قيمة وحدة المنتج الثانوي سالبة لـ {0}.
By-product value cannot be negative for {0}.,لا يمكن أن تكون قيمة المنتج الثانوي سالبة لـ {0}.
Cancelled,ملغى
Cannot determine ERPNext Item for Coffee Batch {0}.,تعذر تحديد صنف ERPNext لدفعة البن {0}.
Cannot execute operation {0} for batch {1}. Current step: {2}. Next allowed operation: {3},لا يمكن تنفيذ العملية {0} للدفعة {1}. الخطوة الحالية: {2}. العملية التالية المسموح بها: {3}
Cannot merge batches with different grades. Use Blend Order instead.,لا يمكن دمج دفعات ذات درجات مختلفة. استخدم أمر الخلط بدلاً من ذلك.
Cannot merge batches with zero total quantity,لا يمكن دمج دفعات إجمالي كميتها صفر.
Cannot package {0} batches,لا يمكن تعبئة {0} دفعات.
Cannot process batch {0} with status {1},لا يمكن معالجة الدفعة {0} بالحالة {1}.
Cannot remove legacy Number Card {0} because it is still linked to Dashboard {1}.,لا يمكن حذف بطاقة الأرقام القديمة {0} لأنها ما زالت مرتبطة بلوحة المعلومات {1}.
Cannot split batch with zero quantity,لا يمكن تقسيم دفعة كميتها صفر.
Cannot split quantity must be less than batch quantity,يجب أن تكون كمية التقسيم أقل من كمية الدفعة.
Coffee Accountant,محاسب البن
Coffee Batch,دفعة بن
Coffee Batch is required,دفعة البن مطلوبة.
Coffee Batch is required for input item {0}.,دفعة البن مطلوبة للصنف المدخل {0}.
Coffee Batch Purchase Source,مصدر شراء دفعة البن
Coffee Batch Source,مصدر دفعة البن
Coffee Batch User,مستخدم دفعات البن
Coffee Batch {0} does not exist.,دفعة البن {0} غير موجودة.
Coffee Batch {0} has no Item Code.,دفعة البن {0} لا تحتوي على رمز صنف.
Coffee Blend Order,أمر خلط البن
Coffee Blend Source,مصدر خلط البن
Coffee Blending User,مستخدم خلط البن
Coffee Cost Center Mapping,ربط مراكز تكلفة البن
Coffee Cupping,تقييم البن
Coffee Cupping User,مستخدم تقييم البن
Coffee Daily Monitoring,المراقبة اليومية للبن
"Coffee Dashboard card links are incorrect. Expected {0}, got {1}.",روابط بطاقات لوحة معلومات البن غير صحيحة. المتوقع {0}، والموجود {1}.
"Coffee Dashboard chart links are incorrect. Expected {0}, got {1}.",روابط مخططات لوحة معلومات البن غير صحيحة. المتوقع {0}، والموجود {1}.
Coffee Drying Bed,سرير تجفيف البن
Coffee Drying Order,أمر تجفيف البن
Coffee Drying User,مستخدم تجفيف البن
Coffee Fermentation Barrel,برميل تخمير البن
Coffee Fermentation Order,أمر تخمير البن
Coffee Fermentation User,مستخدم تخمير البن
Coffee Grade Master,البيانات الأساسية لدرجات البن
Coffee Grading Order,أمر تصنيف البن
Coffee Grading User,مستخدم تصنيف البن
Coffee Hulling User,مستخدم تقشير البن
Coffee Manager,مدير البن
Coffee master data file not found: {0},ملف البيانات الأساسية للبن غير موجود: {0}.
Coffee Operation Batch,دفعة عملية البن
Coffee Operation Cost,تكلفة عملية البن
Coffee Operation Master,البيانات الأساسية لعمليات البن
Coffee Packaging Order,أمر تعبئة البن
Coffee Packaging User,مستخدم تعبئة البن
Coffee Peeling Service,خدمة تقشير البن
Coffee Peeling Service Input,مدخل خدمة تقشير البن
Coffee Peeling Service Output,مخرج خدمة تقشير البن
Coffee Process Order,أمر معالجة البن
Coffee Process Order Cost,تكلفة أمر معالجة البن
Coffee Process Order Input,مدخل أمر معالجة البن
Coffee Process Order Output,مخرج أمر معالجة البن
Coffee Process Order {0} is cancelled.,أمر معالجة البن {0} ملغى.
Coffee Process Order {0} is waiting for approval.,أمر معالجة البن {0} بانتظار الموافقة.
Coffee Process Route,مسار معالجة البن
Coffee Process Route Step,خطوة مسار معالجة البن
Coffee Process Trial,تجربة معالجة البن
Coffee Process Trial Step,خطوة تجربة معالجة البن
Coffee Processing,معالجة البن
Coffee Processing Input,مدخل معالجة البن
Coffee Processing Manager,مدير معالجة البن
Coffee Processing Output,مخرج معالجة البن
Coffee Processing User,مستخدم معالجة البن
Coffee Production Plan,خطة إنتاج البن
Coffee Production Plan Step,خطوة خطة إنتاج البن
Coffee Quality User,مستخدم جودة البن
Coffee Receiving Order,أمر استلام البن
Coffee Receiving User,مستخدم استلام البن
Coffee Route Change Log,سجل تغييرات مسار البن
Coffee Sample,عينة البن
Coffee Sorting Order,أمر فرز البن
Coffee Sorting User,مستخدم فرز البن
Coffee Storage Allocation,تخصيص تخزين البن
Coffee Storage Unit,وحدة تخزين البن
Coffee Type,نوع البن
COGS,تكلفة البضاعة المباعة
Commercial,تجاري
Company,الشركة
Company is required.,الشركة مطلوبة.
Company Peeling,تقشير الشركة
Completed,مكتمل
Consumed,مستهلك
Cost allocation did not produce a valid rate for output {0},لم ينتج توزيع التكلفة معدلًا صالحًا للمخرج {0}.
Cost allocation method is not configured for operation {0}.,طريقة توزيع التكلفة غير مهيأة للعملية {0}.
Cost allocation percentages must sum to 100%%. Current: {0}%%,يجب أن يكون مجموع نسب توزيع التكلفة 100%%. الحالي: {0}%%
"Cost Center Mapping already exists for operation {0}, company {1}",يوجد بالفعل ربط لمركز التكلفة للعملية {0} والشركة {1}.
Cost Optimization,تحسين التكلفة
Cost/KG,التكلفة/كجم
Could not resolve Account hierarchy: {0},تعذر تحديد التسلسل الهرمي للحسابات: {0}.
Could not resolve Account {0} for Warehouse {1}.,تعذر تحديد الحساب {0} للمستودع {1}.
Could not resolve Cost Center hierarchy: {0},تعذر تحديد التسلسل الهرمي لمراكز التكلفة: {0}.
Could not resolve Cost Center {0} for operation {1}.,تعذر تحديد مركز التكلفة {0} للعملية {1}.
Could not resolve Item Group hierarchy: {0},تعذر تحديد التسلسل الهرمي لمجموعات الأصناف: {0}.
Could not resolve parent Account {0} for company {1}.,تعذر تحديد الحساب الأب {0} للشركة {1}.
Could not resolve parent Cost Center {0} for {1}.,تعذر تحديد مركز التكلفة الأب {0} لـ {1}.
Could not resolve Warehouse hierarchy: {0},تعذر تحديد التسلسل الهرمي للمستودعات: {0}.
Country {0} is required for Supplier Region {1}.,الدولة {0} مطلوبة لمنطقة المورد {1}.
Created,تم الإنشاء
Critical,حرج
Cupped,تم التقييم بالتذوق
Custom,مخصص
Customer Request,طلب العميل
Customer Service,خدمة العملاء
Defect,عيب
Defects,العيوب
Description,الوصف
Documentation,التوثيق
Draft,مسودة
Dry,جاف
Drying,تجفيف
Drying Bed,سرير التجفيف
Energy,الطاقة
Equipment Failure,تعطل المعدات
Espresso Blend,خلطة إسبريسو
Expense Account,حساب المصروفات
Failed,فشل
Failed to create Batch {0} for item {1}.,فشل إنشاء الدفعة {0} للصنف {1}.
Failed to create input Serial and Batch Bundle for {0}.,فشل إنشاء حزمة الأرقام التسلسلية والدفعات للمدخل {0}.
Failed to create output Serial and Batch Bundle for {0}.,فشل إنشاء حزمة الأرقام التسلسلية والدفعات للمخرج {0}.
Fermentation,تخمير
Fermentation Barrel,برميل التخمير
Final,نهائي
Frappe School,مدرسة Frappe
Frappe Support,دعم Frappe
Full Process,معالجة كاملة
Grade,الدرجة
Grade Item,صنف الدرجة
Grade Qty,كمية الدرجة
Grade Yield Report,تقرير إنتاجية الدرجات
Grade-wise Cost Report,تقرير التكلفة حسب الدرجة
Grade-wise Profitability Report,تقرير الربحية حسب الدرجة
Grade-wise Sales Report,تقرير المبيعات حسب الدرجة
Grade-wise Stock Report,تقرير المخزون حسب الدرجة
Graded,تم التصنيف
Grading,تصنيف
Grading operation must have at least one Main output (grade),يجب أن تحتوي عملية التصنيف على مخرج رئيسي واحد على الأقل (درجة).
Grading output cannot have duplicate grades,لا يمكن أن يحتوي مخرج التصنيف على درجات مكررة.
GrainPro,GrainPro
Gross Profit,إجمالي الربح
High,مرتفع
House Blend,خلطة خاصة
Hulling,تقشير
Hybrid,هجين
In Process,قيد المعالجة
In Progress,قيد التنفيذ
Inactive,غير نشط
Input,إدخال
Input Batch {0} does not exist.,دفعة الإدخال {0} غير موجودة.
Input Coffee Batch {0} does not belong to company {1}.,دفعة البن المدخلة {0} لا تنتمي إلى الشركة {1}.
Input Coffee Batch {0} does not exist.,دفعة البن المدخلة {0} غير موجودة.
Input Item is required.,صنف الإدخال مطلوب.
Input item is required.,صنف الإدخال مطلوب.
Input Item {0} does not match ERPNext Batch {1} item {2}.,صنف الإدخال {0} لا يتطابق مع صنف دفعة ERPNext {1} وهو {2}.
Input quantity must be greater than zero,يجب أن تكون كمية الإدخال أكبر من صفر.
Input quantity must be greater than zero.,يجب أن تكون كمية الإدخال أكبر من صفر.
Input quantity {0} exceeds available quantity {1} in Coffee Batch {2}.,كمية الإدخال {0} تتجاوز الكمية المتاحة {1} في دفعة البن {2}.
Input Warehouse is required.,مستودع الإدخال مطلوب.
Input Warehouse {0} does not match Coffee Batch {1} warehouse {2}.,مستودع الإدخال {0} لا يتطابق مع مستودع دفعة البن {1} وهو {2}.
"Insufficient quantity in batch {0}. Available: {1}, Requested: {2}",الكمية غير كافية في الدفعة {0}. المتاح: {1}، المطلوب: {2}
Item Code,رمز الصنف
Item Name,اسم الصنف
Journal Entry,قيد يومية
Jute Bag,كيس خيش
Keyboard Shortcuts,اختصارات لوحة المفاتيح
Labor,العمالة
Legacy Coffee Number Cards still exist after cleanup: {0},ما زالت بطاقات أرقام البن القديمة موجودة بعد التنظيف: {0}.
Log out,تسجيل الخروج
Loss,فاقد
Loss of {0} KG is not allowed for operation {1},لا يُسمح بفقدان {0} كجم في العملية {1}.
Low,منخفض
Machine,آلة
Main,رئيسي
Main Product,المنتج الرئيسي
Maintenance,صيانة
Manual,يدوي
Margin %,هامش الربح %
Material,مادة
Max Cost/KG,أعلى تكلفة/كجم
Mechanical,ميكانيكي
Mechanical Drying,تجفيف ميكانيكي
Medium,متوسط
Merge,دمج
Min Cost/KG,أدنى تكلفة/كجم
Mixed,مختلط
My Profile,ملفي الشخصي
My Settings,إعداداتي
Negative variance (Gain) of {0} KG is not allowed for operation {1},لا يُسمح بفروقات موجبة (زيادة) مقدارها {0} كجم في العملية {1}.
Negative variance of {0}% is not allowed for operation {1}.,لا يُسمح بفروقات سالبة مقدارها {0}% في العملية {1}.
"No active Cost Center Mapping found for operation {0}, company {1}, branch {2}.",لم يتم العثور على ربط نشط لمركز التكلفة للعملية {0} والشركة {1} والفرع {2}.
No executable route step was found for operation {0}.,لم يتم العثور على خطوة مسار قابلة للتنفيذ للعملية {0}.
No inputs found.,لم يتم العثور على مدخلات.
No outputs found.,لم يتم العثور على مخرجات.
No valid stock rows were provided.,لم يتم توفير صفوف مخزون صالحة.
Normal,عادي
Not Created,لم يتم الإنشاء
Not Required,غير مطلوب
Not Specified,غير محدد
Number of packages must be greater than zero,يجب أن يكون عدد العبوات أكبر من صفر.
Occupied,مشغول
On Hold,معلق
Opening,افتتاحي
Operation Change,تغيير العملية
Operation is required,العملية مطلوبة.
Operation is required for cost allocation,العملية مطلوبة لتوزيع التكلفة.
Operation is required.,العملية مطلوبة.
Operation {0} allows only one input.,العملية {0} تسمح بمدخل واحد فقط.
Operation {0} allows only one output.,العملية {0} تسمح بمخرج واحد فقط.
Operation {0} does not allow multiple inputs,العملية {0} لا تسمح بمدخلات متعددة.
Operation {0} does not allow multiple outputs,العملية {0} لا تسمح بمخرجات متعددة.
Operation {0} does not allow partial processing.,العملية {0} لا تسمح بالمعالجة الجزئية.
Operation {0} does not exist.,العملية {0} غير موجودة.
Operation {0} does not match route step {1}. Expected {2}.,العملية {0} لا تتطابق مع خطوة المسار {1}. المتوقع {2}.
Operation {0} does not match the next route operation {1}.,العملية {0} لا تتطابق مع عملية المسار التالية {1}.
Operation {0} is assigned to {1}. You are not authorized.,العملية {0} مخصصة لـ {1}. ليس لديك صلاحية.
Operation {0} is not allowed for batch {1}.,العملية {0} غير مسموح بها للدفعة {1}.
Operation {0} requires a sample. Please create a sample first.,العملية {0} تتطلب عينة. يرجى إنشاء عينة أولاً.
Operation {0} requires quality inspection for batch {1},العملية {0} تتطلب فحص جودة للدفعة {1}.
Optical,بصري
Other,أخرى
Output,إخراج
Output Coffee Batch {0} does not belong to company {1}.,دفعة البن الناتجة {0} لا تنتمي إلى الشركة {1}.
Output Coffee Batch {0} does not exist.,دفعة البن الناتجة {0} غير موجودة.
Output item is required.,صنف الإخراج مطلوب.
Output Item is required.,صنف الإخراج مطلوب.
Output quantity must be greater than zero,يجب أن تكون كمية الإخراج أكبر من صفر.
Output quantity must be greater than zero.,يجب أن تكون كمية الإخراج أكبر من صفر.
Output rate must be greater than zero before creating the batch,يجب أن يكون معدل الإخراج أكبر من صفر قبل إنشاء الدفعة.
Output Warehouse is required.,مستودع الإخراج مطلوب.
Package size must be greater than zero,يجب أن يكون حجم العبوة أكبر من صفر.
Paper Bag,كيس ورقي
Parent Account {0} is not available for {1}.,الحساب الأب {0} غير متاح لـ {1}.
Parent Batch,الدفعة الأصل
Parent Item,الصنف الأصل
Parent Qty,كمية الأصل
Parent Warehouse {0} is not available for {1}.,المستودع الأب {0} غير متاح لـ {1}.
Pending,معلق
Pending Approval,بانتظار الموافقة
Planned,مخطط
Planned output quantity cannot be negative,لا يمكن أن تكون كمية الإخراج المخططة سالبة.
Planned quantity must be greater than zero.,يجب أن تكون الكمية المخططة أكبر من صفر.
Please enter cost allocation percentages,يرجى إدخال نسب توزيع التكلفة.
Post-Process,ما بعد المعالجة
Pre-Process,ما قبل المعالجة
Premium,ممتاز
Processing,معالجة
Processing Order must be submitted first,يجب اعتماد أمر المعالجة أولاً.
Purchase,شراء
Purchase documents and source details for this coffee batch,مستندات الشراء وتفاصيل مصادر دفعة البن هذه
Purchase Sources,مصادر الشراء
Qasi Coffee,قهوة قاسي
Qty (KG),الكمية (كجم)
Qty Sold,الكمية المباعة
Quality Check,فحص الجودة
Quality Issue,مشكلة جودة
Quality Result is required for operation {0}.,نتيجة الجودة مطلوبة للعملية {0}.
Quantity Based,حسب الكمية
Raised Bed,سرير مرتفع
Raw Coffee,بن خام
Ready,جاهز
Ready for Processing,جاهز للمعالجة
Received,تم الاستلام
Regulatory,تنظيمي
Reject,مرفوض
Rejected,مرفوض
Relative Sales Value,قيمة المبيعات النسبية
Released,تم الإفراج
Reload,إعادة تحميل
Report an Issue,الإبلاغ عن مشكلة
Report {0} does not have the required Letter Head {1}. Current value: {2},التقرير {0} لا يحتوي على الترويسة المطلوبة {1}. القيمة الحالية: {2}
Required Coffee Processing Report {0} does not exist.,تقرير معالجة البن المطلوب {0} غير موجود.
Required Dashboard Chart {0} does not exist.,مخطط لوحة المعلومات المطلوب {0} غير موجود.
Required Letter Head {0} does not exist.,الترويسة المطلوبة {0} غير موجودة.
Required Number Card {0} does not exist. Check fixtures/number_card.json before migrating.,بطاقة الأرقام المطلوبة {0} غير موجودة. تحقق من fixtures/number_card.json قبل الترحيل.
Requires Approval,يتطلب موافقة
Reserved,محجوز
Return,مرتجع
Revenue,الإيرادات
Route Change,تغيير المسار
Route is required.,المسار مطلوب.
Route Step Sequence is required.,تسلسل خطوة المسار مطلوب.
Route step {0} does not exist in route {1}.,خطوة المسار {0} غير موجودة في المسار {1}.
Route {0} does not belong to company {1},المسار {0} لا ينتمي إلى الشركة {1}.
Route {0} is not active,المسار {0} غير نشط.
Row {0}: Grading output must be Specialty or Commercial,الصف {0}: يجب أن يكون مخرج التصنيف مختصًا أو تجاريًا.
Row {0}: Main output in Grading must have a Coffee Grade,الصف {0}: يجب أن يحتوي المخرج الرئيسي في التصنيف على درجة بن.
Row {0}: Main output in Grading must have an Item Code,الصف {0}: يجب أن يحتوي المخرج الرئيسي في التصنيف على رمز صنف.
Sample quantity {0} exceeds available quantity {1} in batch {2},كمية العينة {0} تتجاوز الكمية المتاحة {1} في الدفعة {2}.
Sample Reference is required for operation {0}.,مرجع العينة مطلوب للعملية {0}.
Sample {0} must be submitted before cupping,يجب اعتماد العينة {0} قبل التقييم بالتذوق.
Screen,غربلة
Screening,الغربلة
Seasonal Blend,خلطة موسمية
Selling price is required for by-product {0} when using By-Product Credit.,سعر البيع مطلوب للمنتج الثانوي {0} عند استخدام رصيد المنتج الثانوي.
Selling price is required for output {0} when using Hybrid cost allocation.,سعر البيع مطلوب للمخرج {0} عند استخدام توزيع التكلفة الهجين.
Selling price is required for output {0} when using Relative Sales Value.,سعر البيع مطلوب للمخرج {0} عند استخدام قيمة المبيعات النسبية.
Semi-Washed,شبه مغسول
Sequence numbers must be unique,يجب أن تكون أرقام التسلسل فريدة.
Service,خدمة
Session Defaults,الإعدادات الافتراضية للجلسة
Signature Blend,خلطة مميزة
Sold,مباع
Source Batches,الدفعات المصدر
Source batches consumed to create this batch,الدفعات المصدر المستهلكة لإنشاء هذه الدفعة
Source Warehouse is required for Coffee Process Order.,مستودع المصدر مطلوب لأمر معالجة البن.
Specialty,مختص
Split,تقسيم
Step Reorder,إعادة ترتيب الخطوات
Step Skip,تخطي الخطوة
Stock Entry,قيد المخزون
Stock Entry cannot be created because there is no valid stock input/output.,لا يمكن إنشاء قيد المخزون لعدم وجود مدخل/مخرج مخزني صالح.
Stock Entry {0} is already linked to this Process Order but is not submitted.,قيد المخزون {0} مرتبط بالفعل بأمر المعالجة هذا لكنه غير معتمد.
Stock UOM is not defined for Item {0}.,وحدة قياس المخزون غير معرفة للصنف {0}.
Submitted,معتمد
Sun Drying,تجفيف شمسي
Supplier Region,منطقة المورد
System Manager,مدير النظام
"The processing order has a cost of {0}, but no costable output was recorded.",تكلفة أمر المعالجة هي {0}، ولكن لم يتم تسجيل أي مخرج قابل لاحتساب التكلفة.
Toggle Full Width,تبديل العرض الكامل
Toggle Theme,تبديل المظهر
Total by-product percentage cannot exceed 100%. Current total: {0}%.,لا يمكن أن تتجاوز النسبة الإجمالية للمنتجات الثانوية 100%. الإجمالي الحالي: {0}%.
Total output quantity must be greater than zero,يجب أن تكون كمية الإخراج الإجمالية أكبر من صفر.
Total Qty,إجمالي الكمية
Total relative sales value must be greater than zero,يجب أن تكون قيمة المبيعات النسبية الإجمالية أكبر من صفر.
Total sales value must be greater than zero,يجب أن تكون قيمة المبيعات الإجمالية أكبر من صفر.
Total score must be between 0 and 100,يجب أن تكون الدرجة الإجمالية بين 0 و100.
Total Value,إجمالي القيمة
Transport,نقل
Unknown by-product valuation method: {0},طريقة تقييم المنتج الثانوي غير معروفة: {0}.
Unsupported cost allocation method: {0},طريقة توزيع التكلفة غير مدعومة: {0}.
Urgent,عاجل
User Forum,منتدى المستخدمين
User {0} does not have the required role: {1},المستخدم {0} لا يملك الدور المطلوب: {1}.
User {0} is not authorized to approve,المستخدم {0} غير مخول للاعتماد.
User {0} is not authorized to modify costs,المستخدم {0} غير مخول بتعديل التكاليف.
Vacuum Seal,تفريغ هوائي
Value,القيمة
"Variance is not allowed for operation {0}. Input: {1}, Output: {2}, Loss: {3}, Variance: {4}",الفروقات غير مسموح بها للعملية {0}. الإدخال: {1}، الإخراج: {2}، الفاقد: {3}، الفرق: {4}.
Variance is rejected by the selected variance treatment policy for operation {0}.,تم رفض الفروقات وفق سياسة معالجة الفروقات المحددة للعملية {0}.
Variance of {0} KG detected. Please provide a reason.,تم اكتشاف فرق مقداره {0} كجم. يرجى إدخال السبب.
Variance of {0} KG exceeds threshold ({1} KG). Manager approval required.,الفرق البالغ {0} كجم يتجاوز الحد المسموح ({1} كجم). تتطلب العملية موافقة المدير.
Variance of {0} KG is not allowed for operation {1}.,الفرق البالغ {0} كجم غير مسموح به في العملية {1}.
Variance of {0}% exceeds the allowed threshold of {1}% for operation {2}.,الفرق البالغ {0}% يتجاوز الحد المسموح به وهو {1}% للعملية {2}.
Variance requires approval before submission.,الفروقات تتطلب الموافقة قبل الاعتماد.
View Website,عرض الموقع
Warehouse,المستودع
Warehouse Change,تغيير المستودع
Warehouse is required for input item {0}.,المستودع مطلوب للصنف المدخل {0}.
Warehouse is required for output item {0}.,المستودع مطلوب للصنف المخرج {0}.
Warning,تحذير
Waste,مخلفات
Water,ماء
Weight After is required for operation {0}.,الوزن بعد العملية مطلوب للعملية {0}.
Weight Before is required for operation {0}.,الوزن قبل العملية مطلوب للعملية {0}.
Wet,رطب
Within Threshold,ضمن الحد المسموح
Yield %,نسبة الاستخلاص %
{0} must be between {1} and {2},يجب أن تكون قيمة {0} بين {1} و{2}
